PORT_ID,ADR_ID,GROUP_ID
MFSTK600T4,10459,STK600_B
MFSTK600T5,10458,STK600_B
MFSTK600T6,10485,STK600_B
MFSTK600T7,10484,STK600_B
MFSTK600T8,20302,STK600_A
MFSTK600T9,20301,STK600_A
MFSTK600TA,20300,STK600_A
MFSTK600TB,20298,STK600_A
MFSTK300S1,20289,STK300_B
MFSTK300S2,20288,STK300_B
MFSTK300S3,20287,STK300_B
MFSTK300S4,20286,STK300_B
MFSTK300S5,20283,STK300_A
MFSTK300S6,20282,STK300_A
MFSTK300S7,20281,STK300_A
MFSTK300S8,20280,STK300_A
MFAPI100A1,20221,Bay1
MFAPI100A2,20220,Bay1
MFAPI100A3,20219,Bay1
MFAPI100A4,20218,Bay1
MFAPI100A5,20217,Bay1
MFAPI200A6,20216,Bay1
MFAPI200A7,20215,Bay1
MFAPI200A8,20214,Bay1
MFAPI200A9,20213,Bay1
MFAPI200AA,20212,Bay1
MFAPI300AB,20211,Bay1
MFAPI300AC,20210,Bay1
MFAPI300AD,20209,Bay1
MFAPI300AE,20208,Bay1
MFAPI300AF,20207,Bay1
MFAPI400AG,20206,Bay1
MFAPI400AH,20205,Bay1
MFAPI400AJ,20204,Bay1
MFAPI400AK,20203,Bay1
MFAPI400AL,20202,Bay1
MFRAG100AM,20201,Bay1
MFRAG100AN,20200,Bay1
MFRAG100AP,20199,Bay1
MFRAG100AQ,20198,Bay1
MFSOR100AR,20197,Bay3
MFSOR100AS,20196,Bay3
MFSOR100AT,20195,Bay3
MFSOR100AU,20194,Bay3
MFSOR100AV,20193,Bay3
MFSOR100AW,20192,Bay3
MFSOR100AX,20191,Bay3
MFSOR100AY,20190,Bay3
MFSOR100AZ,20189,Bay3
MFSOR400B1,20188,Bay3
MFSOR400B2,20187,Bay3
MFSOR400B3,20186,Bay3
MFSOR400B4,20185,Bay3
MFSOR400B5,20184,Bay3
MFSOR400B6,20183,Bay3
MFSOR400B7,20182,Bay3
MFSOR400B8,20181,Bay3
MFSOR400B9,20180,Bay3
MFNRP800BA,20179,Bay3
MFNRP800BB,20178,Bay3
MFNRP800BC,20177,Bay3
MFNRP800BD,20176,Bay3
MFNRP900BE,20175,Bay3
MFNRP900BF,20174,Bay3
MFNRP900BG,20173,Bay3
MFNRP900BH,20172,Bay3
MFNRPA00BJ,20171,Bay3
MFNRPA00BK,20170,Bay3
MFNRPA00BL,20169,Bay3
MFNRPA00BM,20168,Bay3
MFRWTC00BN,20167,Bay4
MFRWTC00BP,20166,Bay4
MFRWTC00BQ,20165,Bay4
MFRWTC00BR,20164,Bay4
MFRWTC00BS,20163,Bay4
MFRWTB00BT,20162,Bay4
MFRWTB00BU,20161,Bay4
MFRWTB00BV,20160,Bay4
MFRWTB00BW,20159,Bay4
MFRWTB00BX,20158,Bay4
MFRWT300BY,20157,Bay4
MFRWT300BZ,20156,Bay4
MFRWT300C1,20155,Bay4
MFRWT300C2,20154,Bay4
MFRWT300C3,20153,Bay4
MFRWT200C4,20152,Bay4
MFRWT200C5,20151,Bay4
MFRWT200C6,20150,Bay4
MFRWT200C7,20149,Bay4
MFRWT200C8,20148,Bay4
MFRWT100C9,20147,Bay4
MFRWT100CA,20146,Bay4
MFRWT100CB,20145,Bay4
MFRWT100CC,20144,Bay4
MFRWT100CD,20143,Bay4
MFSOR200CE,20142,Bay5
MFSOR200CF,20141,Bay5
MFSOR200CG,20140,Bay5
MFSOR200CH,20139,Bay5
MFSOR200CJ,20138,Bay5
MFSOR200CK,20137,Bay5
MFSOR200CL,20136,Bay5
MFSOR200CM,20135,Bay5
MFSOR200CN,20134,Bay5
MFSOR300CP,20133,Bay5
MFSOR300CQ,20132,Bay5
MFSOR300CR,20131,Bay5
MFSOR300CS,20130,Bay5
MFSOR300CT,20129,Bay5
MFSOR300CU,20128,Bay5
MFSOR300CV,20127,Bay5
MFSOR300CW,20126,Bay5
MFSOR300CX,20125,Bay5
MFNRPB00CY,20124,Bay5
MFNRPB00CZ,20123,Bay5
MFNRPB00D1,20122,Bay5
MFNRPB00D2,20121,Bay5
MFNRPC00D3,20120,Bay5
MFNRPC00D4,20119,Bay5
MFNRPC00D5,20118,Bay5
MFNRPC00D6,20117,Bay5
MFNRPD00D7,20116,Bay5
MFNRPD00D8,20115,Bay5
MFNRPD00D9,20114,Bay5
MFNRPD00DA,20113,Bay5
MFRWTE00DB,20112,Bay6
MFRWTE00DC,20111,Bay6
MFRWTE00DD,20110,Bay6
MFRWTE00DE,20109,Bay6
MFRWTE00DF,20108,Bay6
MFRWTD00DG,20107,Bay6
MFRWTD00DH,20106,Bay6
MFRWTD00DJ,20105,Bay6
MFRWTD00DK,20104,Bay6
MFRWTD00DL,20103,Bay6
MFRWT600DM,20102,Bay6
MFRWT600DN,20101,Bay6
MFRWT600DP,20100,Bay6
MFRWT600DQ,20099,Bay6
MFRWT600DR,20098,Bay6
MFRWT500DS,20097,Bay6
MFRWT500DT,20096,Bay6
MFRWT500DU,20095,Bay6
MFRWT500DV,20094,Bay6
MFRWT500DW,20093,Bay6
MFRWT400DX,20092,Bay6
MFRWT400DY,20091,Bay6
MFRWT400DZ,20090,Bay6
MFRWT400E1,20089,Bay6
MFRWT400E2,20088,Bay6
MFRWT700E3,20087,Bay7
MFRWT700E4,20086,Bay7
MFRWT700E5,20085,Bay7
MFRWT700E6,20084,Bay7
MFRWT700E7,20083,Bay7
MFRWT800E8,20082,Bay7
MFRWT800E9,20081,Bay7
MFRWT800EA,20080,Bay7
MFRWT800EB,20079,Bay7
MFRWT800EC,20078,Bay7
MFRWT900ED,20077,Bay7
MFRWT900EE,20076,Bay7
MFRWT900EF,20075,Bay7
MFRWT900EG,20074,Bay7
MFRWT900EH,20073,Bay7
MFRWTF00EJ,20072,Bay7
MFRWTF00EK,20071,Bay7
MFRWTF00EL,20070,Bay7
MFRWTF00EM,20069,Bay7
MFRWTF00EN,20068,Bay7
MFRWTA00EP,20067,Bay7
MFRWTA00EQ,20066,Bay7
MFRWTA00ER,20065,Bay7
MFRWTA00ES,20064,Bay7
MFRWTA00ET,20063,Bay7
MFNRP700EU,20062,Bay8
MFNRP700EV,20061,Bay8
MFNRP700EW,20060,Bay8
MFNRP700EX,20059,Bay8
MFNRP600EY,20058,Bay8
MFNRP600EZ,20057,Bay8
MFNRP600F1,20056,Bay8
MFNRP600F2,20055,Bay8
MFAPI600F3,20053,Bay8
MFAPI600F4,20052,Bay8
MFAPI600F5,20051,Bay8
MFAPI600F6,20050,Bay8
MFAPI600F7,20049,Bay8
MFNRP500F8,20047,Bay8
MFNRP500F9,20046,Bay8
MFNRP500FA,20045,Bay8
MFNRP500FB,20044,Bay8
MFNRP300FC,20043,Bay8
MFNRP300FD,20042,Bay8
MFNRP300FE,20041,Bay8
MFNRP300FF,20040,Bay8
MFNRP100FG,20039,Bay8
MFNRP100FH,20038,Bay8
MFNRP100FJ,20037,Bay8
MFNRP100FK,20036,Bay8
MFNRPE00FL,20035,Bay9
MFNRPE00FM,20034,Bay9
MFNRPE00FN,20033,Bay9
MFNRPE00FP,20032,Bay9
MFNRP200FQ,20031,Bay9
MFNRP200FR,20030,Bay9
MFNRP200FS,20029,Bay9
MFNRP200FT,20028,Bay9
MFNRP400FU,20027,Bay9
MFNRP400FV,20026,Bay9
MFNRP400FW,20025,Bay9
MFNRP400FX,20024,Bay9
MFAPI700FY,20023,Bay9
MFAPI700FZ,20022,Bay9
MFAPI700G1,20021,Bay9
MFAPI700G2,20020,Bay9
MFAPI700G3,20019,Bay9
MFCTP400G4,20018,Bay9
MFCTP400G5,20017,Bay9
MFCTP400G6,20016,Bay9
MFCTP400G7,20015,Bay9
MFCTP500G8,20014,Bay9
MFCTP500G9,20013,Bay9
MFCTP500GA,20012,Bay9
MFCTP500GB,20011,Bay9
MFCTP100GP,20001,Bay10
MFCTP100GN,20002,Bay10
MFCTP100GM,20003,Bay10
MFCTP100GL,20004,Bay10
MFCTP200GK,20005,Bay10
MFCTP200GJ,20006,Bay10
MFCTP200GH,20007,Bay10
MFCTP200GG,20008,Bay10
MFCTP300GF,20009,Bay10
MFCTP300GE,20010,Bay10
MFCTP300GD,20311,Bay10
MFCTP300GC,20312,Bay10
MFAPI900H1,10384,Bay13
MFAPI900H2,10383,Bay13
MFAPI900H3,10382,Bay13
MFAPI900H4,10381,Bay13
MFAPI900H5,10380,Bay13
MFAPI800H6,10379,Bay13
MFAPI800H7,10378,Bay13
MFAPI800H8,10377,Bay13
MFAPI800H9,10376,Bay13
MFAPI800HA,10375,Bay13
MFCAGE00HB,10374,Bay13
MFCAGE00HC,10373,Bay13
MFCAGE00HD,10372,Bay13
MFCAGE00HE,10371,Bay13
MFCAGE00HF,10370,Bay13
MFCAGD00HG,10369,Bay13
MFCAGD00HH,10368,Bay13
MFCAGD00HJ,10367,Bay13
MFCAGD00HK,10366,Bay13
MFCAGD00HL,10365,Bay13
MFCAGC00HM,10364,Bay13
MFCAGC00HN,10363,Bay13
MFCAGC00HP,10362,Bay13
MFCAGC00HQ,10361,Bay13
MFCAGC00HR,10360,Bay13
MFAPIB00HS,10326,Bay14
MFAPIB00HT,10325,Bay14
MFAPIB00HU,10324,Bay14
MFAPIB00HV,10323,Bay14
MFAPIB00HW,10322,Bay14
MFAPIA00HX,10321,Bay14
MFAPIA00HY,10320,Bay14
MFAPIA00HZ,10319,Bay14
MFAPIA00J1,10318,Bay14
MFAPIA00J2,10317,Bay14
MFCAGH00J3,10316,Bay14
MFCAGH00J4,10315,Bay14
MFCAGH00J5,10314,Bay14
MFCAGH00J6,10313,Bay14
MFCAGH00J7,10312,Bay14
MFCAGG00J8,10311,Bay14
MFCAGG00J9,10310,Bay14
MFCAGG00JA,10309,Bay14
MFCAGG00JB,10308,Bay14
MFCAGG00JC,10307,Bay14
MFCAGF00JD,10306,Bay14
MFCAGF00JE,10305,Bay14
MFCAGF00JF,10304,Bay14
MFCAGF00JG,10303,Bay14
MFCAGF00JH,10302,Bay14
MFSOR500K5,10337,Bay15
MFSOR500K6,10336,Bay15
MFSOR500K7,10335,Bay15
MFSOR500K8,10334,Bay15
MFSOR500K9,10333,Bay15
MFSOR500KA,10332,Bay15
MFSOR500KB,10331,Bay15
MFSOR500KC,10330,Bay15
MFSOR500KD,10329,Bay15
MFRWTK00JZ,10342,Bay15
MFRWTK00K1,10341,Bay15
MFRWTK00K2,10340,Bay15
MFRWTK00K3,10339,Bay15
MFRWTK00K4,10338,Bay15
MFRWTJ00JU,10347,Bay15
MFRWTJ00JV,10346,Bay15
MFRWTJ00JW,10345,Bay15
MFRWTJ00JX,10344,Bay15
MFRWTJ00JY,10343,Bay15
MFRWTH00JP,10352,Bay15
MFRWTH00JQ,10351,Bay15
MFRWTH00JR,10350,Bay15
MFRWTH00JS,10349,Bay15
MFRWTH00JT,10348,Bay15
MFRWTG00JJ,10357,Bay15
MFRWTG00JK,10356,Bay15
MFRWTG00JL,10355,Bay15
MFRWTG00JM,10354,Bay15
MFRWTG00JN,10353,Bay15
MFAPIE00KE,10268,Bay16
MFAPIE00KF,10267,Bay16
MFAPIE00KG,10266,Bay16
MFAPIE00KH,10265,Bay16
MFAPIE00KJ,10264,Bay16
MFAPID00KK,10263,Bay16
MFAPID00KL,10262,Bay16
MFAPID00KM,10261,Bay16
MFAPID00KN,10260,Bay16
MFAPID00KP,10259,Bay16
MFAPIC00KQ,10258,Bay16
MFAPIC00KR,10257,Bay16
MFAPIC00KS,10256,Bay16
MFAPIC00KT,10255,Bay16
MFAPIC00KU,10254,Bay16
MFCAGK00KV,10253,Bay16
MFCAGK00KW,10252,Bay16
MFCAGK00KX,10251,Bay16
MFCAGK00KY,10250,Bay16
MFCAGK00KZ,10249,Bay16
MFCAGJ00L1,10248,Bay16
MFCAGJ00L2,10247,Bay16
MFCAGJ00L3,10246,Bay16
MFCAGJ00L4,10245,Bay16
MFCAGJ00L5,10244,Bay16
MFSOR600LS,10279,Bay17
MFSOR600LT,10278,Bay17
MFSOR600LU,10277,Bay17
MFSOR600LV,10276,Bay17
MFSOR600LW,10275,Bay17
MFSOR600LX,10274,Bay17
MFSOR600LY,10273,Bay17
MFSOR600LZ,10272,Bay17
MFSOR600M1,10271,Bay17
MFRWTP00LM,10284,Bay17
MFRWTP00LN,10283,Bay17
MFRWTP00LP,10282,Bay17
MFRWTP00LQ,10281,Bay17
MFRWTP00LR,10280,Bay17
MFRWTN00LG,10289,Bay17
MFRWTN00LH,10288,Bay17
MFRWTN00LJ,10287,Bay17
MFRWTN00LK,10286,Bay17
MFRWTN00LL,10285,Bay17
MFRWTM00LB,10294,Bay17
MFRWTM00LC,10293,Bay17
MFRWTM00LD,10292,Bay17
MFRWTM00LE,10291,Bay17
MFRWTM00LF,10290,Bay17
MFRWTL00L6,10299,Bay17
MFRWTL00L7,10298,Bay17
MFRWTL00L8,10297,Bay17
MFRWTL00L9,10296,Bay17
MFRWTL00LA,10295,Bay17
MFAPIH00M2,10210,Bay18
MFAPIH00M3,10209,Bay18
MFAPIH00M4,10208,Bay18
MFAPIH00M5,10207,Bay18
MFAPIH00M6,10206,Bay18
MFAPIG00M7,10205,Bay18
MFAPIG00M8,10204,Bay18
MFAPIG00M9,10203,Bay18
MFAPIG00MA,10202,Bay18
MFAPIG00MB,10201,Bay18
MFAPIF00MC,10200,Bay18
MFAPIF00MD,10199,Bay18
MFAPIF00ME,10198,Bay18
MFAPIF00MF,10197,Bay18
MFAPIF00MG,10196,Bay18
MFCAGM00MH,10195,Bay18
MFCAGM00MJ,10194,Bay18
MFCAGM00MK,10193,Bay18
MFCAGM00ML,10192,Bay18
MFCAGM00MM,10191,Bay18
MFCAGL00MN,10190,Bay18
MFCAGL00MP,10189,Bay18
MFCAGL00MQ,10188,Bay18
MFCAGL00MR,10187,Bay18
MFCAGL00MS,10186,Bay18
MFSOR700NE,10221,Bay19
MFSOR700NF,10220,Bay19
MFSOR700NG,10219,Bay19
MFSOR700NH,10218,Bay19
MFSOR700NJ,10217,Bay19
MFSOR700NK,10216,Bay19
MFSOR700NL,10215,Bay19
MFSOR700NM,10214,Bay19
MFSOR700NN,10213,Bay19
MFRWTT00N9,10226,Bay19
MFRWTT00NA,10225,Bay19
MFRWTT00NB,10224,Bay19
MFRWTT00NC,10223,Bay19
MFRWTT00ND,10222,Bay19
MFRWTS00N4,10231,Bay19
MFRWTS00N5,10230,Bay19
MFRWTS00N6,10229,Bay19
MFRWTS00N7,10228,Bay19
MFRWTS00N8,10227,Bay19
MFRWTR00MY,10236,Bay19
MFRWTR00MZ,10235,Bay19
MFRWTR00N1,10234,Bay19
MFRWTR00N2,10233,Bay19
MFRWTR00N3,10232,Bay19
MFRWTQ00MT,10241,Bay19
MFRWTQ00MU,10240,Bay19
MFRWTQ00MV,10239,Bay19
MFRWTQ00MW,10238,Bay19
MFRWTQ00MX,10237,Bay19
MFAPIM00NP,10158,Bay20
MFAPIM00NQ,10157,Bay20
MFAPIM00NR,10156,Bay20
MFAPIM00NS,10155,Bay20
MFAPIM00NT,10154,Bay20
MFAPIL00NU,10153,Bay20
MFAPIL00NV,10152,Bay20
MFAPIL00NW,10151,Bay20
MFAPIL00NX,10150,Bay20
MFAPIL00NY,10149,Bay20
MFAPIK00NZ,10148,Bay20
MFAPIK00P1,10147,Bay20
MFAPIK00P2,10146,Bay20
MFAPIK00P3,10145,Bay20
MFAPIK00P4,10144,Bay20
MFAPIJ00P5,10143,Bay20
MFAPIJ00P6,10142,Bay20
MFAPIJ00P7,10141,Bay20
MFAPIJ00P8,10140,Bay20
MFAPIJ00P9,10139,Bay20
MFCAGN00PA,10138,Bay20
MFCAGN00PB,10137,Bay20
MFCAGN00PC,10136,Bay20
MFCAGN00PD,10135,Bay20
MFCAGN00PE,10134,Bay20
MFNRPG00Q1,10164,Bay21
MFNRPG00Q2,10163,Bay21
MFNRPG00Q3,10162,Bay21
MFNRPG00Q4,10161,Bay21
MFNRPF00PW,10168,Bay21
MFNRPF00PX,10167,Bay21
MFNRPF00PY,10166,Bay21
MFNRPF00PZ,10165,Bay21
MFRWTW00PR,10173,Bay21
MFRWTW00PS,10172,Bay21
MFRWTW00PT,10171,Bay21
MFRWTW00PU,10170,Bay21
MFRWTW00PV,10169,Bay21
MFRWTV00PL,10178,Bay21
MFRWTV00PM,10177,Bay21
MFRWTV00PN,10176,Bay21
MFRWTV00PP,10175,Bay21
MFRWTV00PQ,10174,Bay21
MFRWTU00PK,10183,Bay21
MFRWTU00PJ,10182,Bay21
MFRWTU00PH,10181,Bay21
MFRWTU00PG,10180,Bay21
MFRWTU00PF,10179,Bay21
MFNRPH00Q5,10105,Bay22
MFNRPH00Q6,10104,Bay22
MFNRPH00Q7,10103,Bay22
MFNRPH00Q8,10102,Bay22
MFRAG300Q9,10101,Bay22
MFRAG300QA,10100,Bay22
MFRAG300QB,10099,Bay22
MFRAG300QC,10098,Bay22
MFRAG200QD,10097,Bay22
MFRAG200QE,10096,Bay22
MFRAG200QF,10095,Bay22
MFRAG200QG,10094,Bay22
MFAPIN00QH,10093,Bay22
MFAPIN00QJ,10092,Bay22
MFAPIN00QK,10091,Bay22
MFAPIN00QL,10090,Bay22
MFAPIN00QM,10089,Bay22
MFAPIQ00QN,10088,Bay22
MFAPIQ00QP,10087,Bay22
MFAPIQ00QQ,10086,Bay22
MFAPIQ00QR,10085,Bay22
MFAPIQ00QS,10084,Bay22
MFAPIR00QT,10083,Bay22
MFAPIR00QU,10082,Bay22
MFAPIR00QV,10081,Bay22
MFAPIR00QW,10080,Bay22
MFAPIR00QX,10079,Bay22
MFAPIP00RD,10117,Bay23
MFAPIP00RE,10116,Bay23
MFAPIP00RF,10115,Bay23
MFAPIP00RG,10114,Bay23
MFAPIP00RH,10113,Bay23
MFSOR800R4,10126,Bay23
MFSOR800R5,10125,Bay23
MFSOR800R6,10124,Bay23
MFSOR800R7,10123,Bay23
MFSOR800R8,10122,Bay23
MFSOR800R9,10121,Bay23
MFSOR800RA,10120,Bay23
MFSOR800RB,10119,Bay23
MFSOR800RC,10118,Bay23
MFAPIU00QY,10131,Bay23
MFAPIU00QZ,10130,Bay23
MFAPIU00R1,10129,Bay23
MFAPIU00R2,10128,Bay23
MFAPIU00R3,10127,Bay23
MFTSC100GQ,18314,Bay10
MFTSC100GR,18313,Bay10
MFSTK700SZ,10395,STK700
MFSTK700T1,10394,STK700
MFSTK700T2,10393,STK700
MFSTK700T3,10392,STK700
MFSTK700TC,10391,STK700
MFSTK700TD,10390,STK700
MFSTK800SR,10407,STK800_B
MFSTK800SS,10406,STK800_B
MFSTK800ST,10405,STK800_B
MFSTK800SU,10404,STK800_B
MFSTK800SV,10401,STK800_A
MFSTK800SW,10400,STK800_A
MFSTK800SX,10399,STK800_A
MFSTK800SY,10398,STK800_A
MFSTK900TE,10076,STK900_B
MFSTK900TF,10075,STK900_B
MFSTK900TG,10074,STK900_B
MFSTK900TH,10073,STK900_B
MFSTK900TJ,10070,STK900_A
MFSTK900TK,10069,STK900_A
MFSTK900TL,10068,STK900_A
MFSTK900TM,10067,STK900_A
MFSTK500SH,10421,STK500_B
MFSTK500SJ,10420,STK500_B
MFSTK500SK,10419,STK500_B
MFSTK500SL,10418,STK500_B
MFSTK500SM,10414,STK500_A
MFSTK500SN,10413,STK500_A
MFSTK500SP,10412,STK500_A
MFSTK500SQ,10411,STK500_A
MFSTK400S9,10438,STK400_B
MFSTK400SA,10437,STK400_B
MFSTK400SB,10436,STK400_B
MFSTK400SC,10435,STK400_B
MFSTK400SD,10431,STK400_A
MFSTK400SE,10430,STK400_A
MFSTK400SF,10429,STK400_A
MFSTK400SG,10428,STK400_A
MFOHB600Z7,10503,Bay23
MFOHB600Z8,10504,Bay23
MFOHB600Z9,10505,Bay23
MFOHB600ZA,10506,Bay23
MFOHB600Z6,10507,Bay22
MFOHB600Z3,10508,Bay21
MFOHB600Z4,10509,Bay21
MFOHB600Z5,10510,Bay21
MFOHB600Z1,10511,Bay20
MFOHB600Z2,10512,Bay20
MFOHB500YZ,10513,Bay19
MFOHB500YY,10514,Bay18
MFOHB500YX,10515,Bay17
MFOHB500YW,10516,Bay16
MFOHB400YV,10517,Bay15
MFOHB400YG,10034,Bay12
MFOHB400YH,10518,Bay12
MFOHB400YI,10519,Bay12
MFOHB400YJ,10035,Bay12
MFOHB400YK,10520,Bay12
MFOHB400YL,10521,Bay12
MFOHB400YM,10522,Bay12
MFOHB400YN,10036,Bay12
MFOHB400YO,10523,Bay12
MFOHB400YP,10524,Bay12
MFOHB400YQ,10037,Bay12
MFOHB400YR,10525,Bay12
MFOHB400YS,10526,Bay12
MFOHB400YT,10527,Bay12
MFOHB400YU,10038,Bay12
MFOHB300YE,10528,Bay10
MFOHB300YF,10529,Bay10
MFOHB300YD,10530,Bay9
MFOHB300YC,10531,Bay8
MFOHB300YB,10532,Bay7
MFOHB200YA,10533,Bay6
MFOHB200Y9,10534,Bay4
MFOHB200Y8,16304,Bay2
MFOHB200Y7,10537,Bay2
MFOHB200Y6,10536,Bay2
MFOHB200Y5,10535,Bay2
MFOHB200Y4,18320,Bay2
MFOHB100Y1,10538,Bay1
MFOHB100Y2,10539,Bay1
MFOHB100Y3,10540,Bay1